,V1,V2,V4,N,time,sd,se,ci,Speedup
1,Kmeans,32,LINUX_DEFAULT,10,17.36893,3.30183342101189,1.04413140648632,2.3619893400856,1
2,Kmeans,32,LINUX_DEFAULT2,10,16.01097,3.16669153921811,1.00139579111136,2.26531466165855,7.81832847504134
3,Kmeans,64,LINUX_DEFAULT,10,18.05246,4.00531844543394,1.26659290418561,2.86523221055285,1
4,Kmeans,64,LINUX_DEFAULT2,10,17.1535625,2.47221179220869,0.874058861400057,2.06682078098615,4.97936292339105
5,Kmeans,96,LINUX_DEFAULT,10,19.36896,3.55268688215929,1.12345823610256,2.54143909590403,1
6,Kmeans,96,LINUX_DEFAULT2,10,17.24401,5.17002234283803,1.63490461573281,3.69841118697182,10.9709039618028
